lemma,list,rank
the,NGSL,1
be,NGSL,2
and,NGSL,3
of,NGSL,4
to,NGSL,5
a,NGSL,6
in,NGSL,7
have,NGSL,8
it,NGSL,9
you,NGSL,10
he,NGSL,11
for,NGSL,12
they,NGSL,13
not,NGSL,14
that,NGSL,15
we,NGSL,16
on,NGSL,17
with,NGSL,18
this,NGSL,19
I,NGSL,20
do,NGSL,21
as,NGSL,22
at,NGSL,23
she,NGSL,24
but,NGSL,25
from,NGSL,26
by,NGSL,27
will,NGSL,28
or,NGSL,29
say,NGSL,30
go,NGSL,31
so,NGSL,32
all,NGSL,33
if,NGSL,34
one,NGSL,35
would,NGSL,36
about,NGSL,37
can,NGSL,38
which,NGSL,39
there,NGSL,40
know,NGSL,41
more,NGSL,42
get,NGSL,43
who,NGSL,44
like,NGSL,45
when,NGSL,46
think,NGSL,47
make,NGSL,48
time,NGSL,49
see,NGSL,50
what,NGSL,51
up,NGSL,52
some,NGSL,53
other,NGSL,54
out,NGSL,55
good,NGSL,56
people,NGSL,57
year,NGSL,58
take,NGSL,59
no,NGSL,60
well,NGSL,61
because,NGSL,62
very,NGSL,63
just,NGSL,64
come,NGSL,65
could,NGSL,66
work,NGSL,67
use,NGSL,68
than,NGSL,69
now,NGSL,70
then,NGSL,71
also,NGSL,72
into,NGSL,73
only,NGSL,74
look,NGSL,75
want,NGSL,76
give,NGSL,77
first,NGSL,78
new,NGSL,79
way,NGSL,80
find,NGSL,81
over,NGSL,82
any,NGSL,83
after,NGSL,84
day,NGSL,85
where,NGSL,86
thing,NGSL,87
most,NGSL,88
should,NGSL,89
need,NGSL,90
much,NGSL,91
right,NGSL,92
how,NGSL,93
back,NGSL,94
mean,NGSL,95
even,NGSL,96
may,NGSL,97
here,NGSL,98
many,NGSL,99
such,NGSL,100
last,NGSL,101
child,NGSL,102
tell,NGSL,103
really,NGSL,104
call,NGSL,105
before,NGSL,106
company,NGSL,107
through,NGSL,108
down,NGSL,109
show,NGSL,110
life,NGSL,111
man,NGSL,112
change,NGSL,113
place,NGSL,114
long,NGSL,115
between,NGSL,116
feel,NGSL,117
too,NGSL,118
still,NGSL,119
problem,NGSL,120
write,NGSL,121
same,NGSL,122
lot,NGSL,123
great,NGSL,124
try,NGSL,125
leave,NGSL,126
number,NGSL,127
both,NGSL,128
own,NGSL,129
part,NGSL,130
point,NGSL,131
little,NGSL,132
help,NGSL,133
ask,NGSL,134
meet,NGSL,135
start,NGSL,136
talk,NGSL,137
something,NGSL,138
put,NGSL,139
another,NGSL,140
become,NGSL,141
interest,NGSL,142
country,NGSL,143
old,NGSL,144
each,NGSL,145
school,NGSL,146
late,NGSL,147
high,NGSL,148
different,NGSL,149
off,NGSL,150
next,NGSL,151
end,NGSL,152
live,NGSL,153
why,NGSL,154
while,NGSL,155
world,NGSL,156
week,NGSL,157
play,NGSL,158
might,NGSL,159
must,NGSL,160
home,NGSL,161
never,NGSL,162
include,NGSL,163
course,NGSL,164
house,NGSL,165
report,NGSL,166
group,NGSL,167
case,NGSL,168
woman,NGSL,169
around,NGSL,170
book,NGSL,171
family,NGSL,172
seem,NGSL,173
let,NGSL,174
again,NGSL,175
kind,NGSL,176
keep,NGSL,177
hear,NGSL,178
system,NGSL,179
every,NGSL,180
question,NGSL,181
during,NGSL,182
always,NGSL,183
big,NGSL,184
set,NGSL,185
small,NGSL,186
study,NGSL,187
follow,NGSL,188
begin,NGSL,189
important,NGSL,190
since,NGSL,191
run,NGSL,192
under,NGSL,193
turn,NGSL,194
few,NGSL,195
bring,NGSL,196
early,NGSL,197
hand,NGSL,198
state,NGSL,199
move,NGSL,200
money,NGSL,201
fact,NGSL,202
however,NGSL,203
area,NGSL,204
provide,NGSL,205
name,NGSL,206
read,NGSL,207
friend,NGSL,208
month,NGSL,209
large,NGSL,210
business,NGSL,211
without,NGSL,212
information,NGSL,213
open,NGSL,214
order,NGSL,215
government,NGSL,216
word,NGSL,217
issue,NGSL,218
market,NGSL,219
pay,NGSL,220
build,NGSL,221
hold,NGSL,222
service,NGSL,223
against,NGSL,224
believe,NGSL,225
second,NGSL,226
though,NGSL,227
yes,NGSL,228
love,NGSL,229
increase,NGSL,230
job,NGSL,231
plan,NGSL,232
result,NGSL,233
away,NGSL,234
example,NGSL,235
happen,NGSL,236
offer,NGSL,237
young,NGSL,238
close,NGSL,239
program,NGSL,240
lead,NGSL,241
buy,NGSL,242
understand,NGSL,243
thank,NGSL,244
far,NGSL,245
today,NGSL,246
hour,NGSL,247
student,NGSL,248
face,NGSL,249
hope,NGSL,250
idea,NGSL,251
cost,NGSL,252
less,NGSL,253
room,NGSL,254
until,NGSL,255
reason,NGSL,256
form,NGSL,257
spend,NGSL,258
head,NGSL,259
car,NGSL,260
learn,NGSL,261
level,NGSL,262
person,NGSL,263
experience,NGSL,264
once,NGSL,265
member,NGSL,266
enough,NGSL,267
bad,NGSL,268
city,NGSL,269
night,NGSL,270
able,NGSL,271
support,NGSL,272
whether,NGSL,273
line,NGSL,274
present,NGSL,275
side,NGSL,276
quite,NGSL,277
although,NGSL,278
sure,NGSL,279
term,NGSL,280
least,NGSL,281
age,NGSL,282
low,NGSL,283
speak,NGSL,284
within,NGSL,285
process,NGSL,286
public,NGSL,287
often,NGSL,288
train,NGSL,289
possible,NGSL,290
actually,NGSL,291
rather,NGSL,292
view,NGSL,293
together,NGSL,294
consider,NGSL,295
price,NGSL,296
parent,NGSL,297
hard,NGSL,298
party,NGSL,299
local,NGSL,300
control,NGSL,301
already,NGSL,302
concern,NGSL,303
product,NGSL,304
lose,NGSL,305
story,NGSL,306
almost,NGSL,307
continue,NGSL,308
stand,NGSL,309
whole,NGSL,310
yet,NGSL,311
rate,NGSL,312
care,NGSL,313
expect,NGSL,314
effect,NGSL,315
sort,NGSL,316
ever,NGSL,317
anything,NGSL,318
cause,NGSL,319
fall,NGSL,320
deal,NGSL,321
water,NGSL,322
send,NGSL,323
allow,NGSL,324
soon,NGSL,325
watch,NGSL,326
base,NGSL,327
probably,NGSL,328
suggest,NGSL,329
past,NGSL,330
power,NGSL,331
test,NGSL,332
visit,NGSL,333
center,NGSL,334
grow,NGSL,335
nothing,NGSL,336
return,NGSL,337
mother,NGSL,338
walk,NGSL,339
matter,NGSL,340
mind,NGSL,341
value,NGSL,342
office,NGSL,343
record,NGSL,344
stay,NGSL,345
force,NGSL,346
stop,NGSL,347
several,NGSL,348
light,NGSL,349
develop,NGSL,350
remember,NGSL,351
bit,NGSL,352
share,NGSL,353
real,NGSL,354
answer,NGSL,355
sit,NGSL,356
figure,NGSL,357
letter,NGSL,358
decide,NGSL,359
language,NGSL,360
subject,NGSL,361
class,NGSL,362
development,NGSL,363
town,NGSL,364
half,NGSL,365
minute,NGSL,366
food,NGSL,367
break,NGSL,368
clear,NGSL,369
future,NGSL,370
either,NGSL,371
ago,NGSL,372
per,NGSL,373
remain,NGSL,374
top,NGSL,375
among,NGSL,376
win,NGSL,377
color,NGSL,378
involve,NGSL,379
reach,NGSL,380
social,NGSL,381
period,NGSL,382
across,NGSL,383
note,NGSL,384
history,NGSL,385
create,NGSL,386
drive,NGSL,387
along,NGSL,388
type,NGSL,389
sound,NGSL,390
eye,NGSL,391
music,NGSL,392
game,NGSL,393
political,NGSL,394
free,NGSL,395
receive,NGSL,396
moment,NGSL,397
sale,NGSL,398
policy,NGSL,399
further,NGSL,400
body,NGSL,401
require,NGSL,402
wait,NGSL,403
general,NGSL,404
appear,NGSL,405
toward,NGSL,406
team,NGSL,407
easy,NGSL,408
individual,NGSL,409
full,NGSL,410
black,NGSL,411
sense,NGSL,412
perhaps,NGSL,413
add,NGSL,414
rule,NGSL,415
pass,NGSL,416
produce,NGSL,417
sell,NGSL,418
short,NGSL,419
agree,NGSL,420
law,NGSL,421
everything,NGSL,422
research,NGSL,423
cover,NGSL,424
paper,NGSL,425
position,NGSL,426
near,NGSL,427
human,NGSL,428
computer,NGSL,429
situation,NGSL,430
staff,NGSL,431
activity,NGSL,432
film,NGSL,433
morning,NGSL,434
war,NGSL,435
account,NGSL,436
shop,NGSL,437
major,NGSL,438
someone,NGSL,439
above,NGSL,440
design,NGSL,441
event,NGSL,442
special,NGSL,443
sometimes,NGSL,444
condition,NGSL,445
carry,NGSL,446
choose,NGSL,447
father,NGSL,448
decision,NGSL,449
table,NGSL,450
certain,NGSL,451
forward,NGSL,452
main,NGSL,453
die,NGSL,454
bear,NGSL,455
cut,NGSL,456
describe,NGSL,457
himself,NGSL,458
available,NGSL,459
especially,NGSL,460
strong,NGSL,461
rise,NGSL,462
girl,NGSL,463
maybe,NGSL,464
community,NGSL,465
else,NGSL,466
particular,NGSL,467
role,NGSL,468
join,NGSL,469
difficult,NGSL,470
please,NGSL,471
detail,NGSL,472
difference,NGSL,473
action,NGSL,474
health,NGSL,475
eat,NGSL,476
step,NGSL,477
true,NGSL,478
phone,NGSL,479
themselves,NGSL,480
draw,NGSL,481
white,NGSL,482
date,NGSL,483
practice,NGSL,484
model,NGSL,485
raise,NGSL,486
customer,NGSL,487
front,NGSL,488
explain,NGSL,489
door,NGSL,490
outside,NGSL,491
behind,NGSL,492
economic,NGSL,493
site,NGSL,494
approach,NGSL,495
teacher,NGSL,496
land,NGSL,497
charge,NGSL,498
finally,NGSL,499
sign,NGSL,500
claim,NGSL,501
relationship,NGSL,502
travel,NGSL,503
enjoy,NGSL,504
death,NGSL,505
nice,NGSL,506
amount,NGSL,507
improve,NGSL,508
picture,NGSL,509
boy,NGSL,510
regard,NGSL,511
organization,NGSL,512
happy,NGSL,513
couple,NGSL,514
act,NGSL,515
range,NGSL,516
quality,NGSL,517
project,NGSL,518
round,NGSL,519
opportunity,NGSL,520
road,NGSL,521
accord,NGSL,522
list,NGSL,523
wish,NGSL,524
therefore,NGSL,525
wear,NGSL,526
fund,NGSL,527
rest,NGSL,528
kid,NGSL,529
industry,NGSL,530
education,NGSL,531
measure,NGSL,532
kill,NGSL,533
serve,NGSL,534
likely,NGSL,535
certainly,NGSL,536
national,NGSL,537
itself,NGSL,538
teach,NGSL,539
field,NGSL,540
security,NGSL,541
air,NGSL,542
benefit,NGSL,543
trade,NGSL,544
risk,NGSL,545
news,NGSL,546
standard,NGSL,547
vote,NGSL,548
percent,NGSL,549
focus,NGSL,550
stage,NGSL,551
space,NGSL,552
instead,NGSL,553
realize,NGSL,554
usually,NGSL,555
data,NGSL,556
single,NGSL,557
address,NGSL,558
performance,NGSL,559
chance,NGSL,560
accept,NGSL,561
society,NGSL,562
technology,NGSL,563
mention,NGSL,564
choice,NGSL,565
save,NGSL,566
common,NGSL,567
culture,NGSL,568
total,NGSL,569
demand,NGSL,570
material,NGSL,571
limit,NGSL,572
listen,NGSL,573
due,NGSL,574
wrong,NGSL,575
foot,NGSL,576
effort,NGSL,577
attention,NGSL,578
upon,NGSL,579
check,NGSL,580
complete,NGSL,581
lie,NGSL,582
pick,NGSL,583
reduce,NGSL,584
personal,NGSL,585
ground,NGSL,586
animal,NGSL,587
arrive,NGSL,588
patient,NGSL,589
current,NGSL,590
century,NGSL,591
evidence,NGSL,592
exist,NGSL,593
similar,NGSL,594
fight,NGSL,595
leader,NGSL,596
fine,NGSL,597
street,NGSL,598
former,NGSL,599
contact,NGSL,600
particularly,NGSL,601
wife,NGSL,602
sport,NGSL,603
prepare,NGSL,604
discuss,NGSL,605
response,NGSL,606
voice,NGSL,607
piece,NGSL,608
finish,NGSL,609
suppose,NGSL,610
apply,NGSL,611
president,NGSL,612
fire,NGSL,613
compare,NGSL,614
court,NGSL,615
police,NGSL,616
store,NGSL,617
poor,NGSL,618
knowledge,NGSL,619
laugh,NGSL,620
arm,NGSL,621
heart,NGSL,622
source,NGSL,623
employee,NGSL,624
manage,NGSL,625
simply,NGSL,626
bank,NGSL,627
firm,NGSL,628
cell,NGSL,629
article,NGSL,630
fast,NGSL,631
attack,NGSL,632
foreign,NGSL,633
surprise,NGSL,634
feature,NGSL,635
factor,NGSL,636
pretty,NGSL,637
recently,NGSL,638
affect,NGSL,639
drop,NGSL,640
recent,NGSL,641
relate,NGSL,642
official,NGSL,643
financial,NGSL,644
miss,NGSL,645
art,NGSL,646
campaign,NGSL,647
private,NGSL,648
pause,NGSL,649
everyone,NGSL,650
forget,NGSL,651
page,NGSL,652
worry,NGSL,653
summer,NGSL,654
drink,NGSL,655
opinion,NGSL,656
park,NGSL,657
represent,NGSL,658
key,NGSL,659
inside,NGSL,660
manager,NGSL,661
international,NGSL,662
contain,NGSL,663
notice,NGSL,664
wonder,NGSL,665
nature,NGSL,666
structure,NGSL,667
section,NGSL,668
myself,NGSL,669
exactly,NGSL,670
plant,NGSL,671
paint,NGSL,672
worker,NGSL,673
press,NGSL,674
whatever,NGSL,675
necessary,NGSL,676
region,NGSL,677
growth,NGSL,678
evening,NGSL,679
influence,NGSL,680
respect,NGSL,681
various,NGSL,682
catch,NGSL,683
thus,NGSL,684
skill,NGSL,685
attempt,NGSL,686
son,NGSL,687
simple,NGSL,688
medium,NGSL,689
average,NGSL,690
stock,NGSL,691
management,NGSL,692
character,NGSL,693
bed,NGSL,694
hit,NGSL,695
establish,NGSL,696
indeed,NGSL,697
final,NGSL,698
economy,NGSL,699
fit,NGSL,700
guy,NGSL,701
function,NGSL,702
yesterday,NGSL,703
image,NGSL,704
size,NGSL,705
behavior,NGSL,706
addition,NGSL,707
determine,NGSL,708
station,NGSL,709
population,NGSL,710
fail,NGSL,711
environment,NGSL,712
production,NGSL,713
contract,NGSL,714
player,NGSL,715
comment,NGSL,716
enter,NGSL,717
occur,NGSL,718
alone,NGSL,719
significant,NGSL,720
drug,NGSL,721
wall,NGSL,722
series,NGSL,723
direct,NGSL,724
success,NGSL,725
tomorrow,NGSL,726
director,NGSL,727
clearly,NGSL,728
lack,NGSL,729
review,NGSL,730
depend,NGSL,731
race,NGSL,732
recognize,NGSL,733
window,NGSL,734
purpose,NGSL,735
department,NGSL,736
gain,NGSL,737
tree,NGSL,738
college,NGSL,739
argue,NGSL,740
board,NGSL,741
holiday,NGSL,742
mark,NGSL,743
church,NGSL,744
machine,NGSL,745
achieve,NGSL,746
item,NGSL,747
prove,NGSL,748
cent,NGSL,749
season,NGSL,750
floor,NGSL,751
stuff,NGSL,752
wide,NGSL,753
anyone,NGSL,754
method,NGSL,755
analysis,NGSL,756
election,NGSL,757
military,NGSL,758
hotel,NGSL,759
club,NGSL,760
below,NGSL,761
movie,NGSL,762
doctor,NGSL,763
discussion,NGSL,764
sorry,NGSL,765
challenge,NGSL,766
nation,NGSL,767
nearly,NGSL,768
statement,NGSL,769
link,NGSL,770
despite,NGSL,771
introduce,NGSL,772
advantage,NGSL,773
ready,NGSL,774
marry,NGSL,775
strike,NGSL,776
mile,NGSL,777
seek,NGSL,778
ability,NGSL,779
unit,NGSL,780
card,NGSL,781
hospital,NGSL,782
quickly,NGSL,783
interview,NGSL,784
agreement,NGSL,785
release,NGSL,786
tax,NGSL,787
solution,NGSL,788
capital,NGSL,789
popular,NGSL,790
specific,NGSL,791
beautiful,NGSL,792
fear,NGSL,793
aim,NGSL,794
television,NGSL,795
serious,NGSL,796
target,NGSL,797
degree,NGSL,798
pull,NGSL,799
red,NGSL,800
husband,NGSL,801
access,NGSL,802
movement,NGSL,803
treat,NGSL,804
identify,NGSL,805
loss,NGSL,806
shall,NGSL,807
modern,NGSL,808
pressure,NGSL,809
bus,NGSL,810
treatment,NGSL,811
yourself,NGSL,812
supply,NGSL,813
village,NGSL,814
worth,NGSL,815
natural,NGSL,816
express,NGSL,817
indicate,NGSL,818
attend,NGSL,819
brother,NGSL,820
investment,NGSL,821
score,NGSL,822
organize,NGSL,823
trip,NGSL,824
beyond,NGSL,825
sleep,NGSL,826
fish,NGSL,827
promise,NGSL,828
potential,NGSL,829
energy,NGSL,830
trouble,NGSL,831
relation,NGSL,832
touch,NGSL,833
file,NGSL,834
middle,NGSL,835
bar,NGSL,836
suffer,NGSL,837
strategy,NGSL,838
deep,NGSL,839
except,NGSL,840
clean,NGSL,841
tend,NGSL,842
advance,NGSL,843
fill,NGSL,844
star,NGSL,845
network,NGSL,846
generally,NGSL,847
operation,NGSL,848
match,NGSL,849
avoid,NGSL,850
seat,NGSL,851
throw,NGSL,852
task,NGSL,853
normal,NGSL,854
goal,NGSL,855
associate,NGSL,856
blue,NGSL,857
positive,NGSL,858
option,NGSL,859
box,NGSL,860
huge,NGSL,861
message,NGSL,862
instance,NGSL,863
style,NGSL,864
refer,NGSL,865
cold,NGSL,866
push,NGSL,867
quarter,NGSL,868
assume,NGSL,869
baby,NGSL,870
successful,NGSL,871
sing,NGSL,872
doubt,NGSL,873
competition,NGSL,874
theory,NGSL,875
propose,NGSL,876
reference,NGSL,877
argument,NGSL,878
adult,NGSL,879
fly,NGSL,880
document,NGSL,881
pattern,NGSL,882
application,NGSL,883
hot,NGSL,884
obviously,NGSL,885
unclear,NGSL,886
bill,NGSL,887
search,NGSL,888
separate,NGSL,889
central,NGSL,890
career,NGSL,891
anyway,NGSL,892
speech,NGSL,893
dog,NGSL,894
officer,NGSL,895
throughout,NGSL,896
oil,NGSL,897
dress,NGSL,898
profit,NGSL,899
guess,NGSL,900
fun,NGSL,901
protect,NGSL,902
resource,NGSL,903
science,NGSL,904
disease,NGSL,905
balance,NGSL,906
damage,NGSL,907
basis,NGSL,908
author,NGSL,909
basic,NGSL,910
encourage,NGSL,911
hair,NGSL,912
male,NGSL,913
operate,NGSL,914
reflect,NGSL,915
exercise,NGSL,916
useful,NGSL,917
restaurant,NGSL,918
income,NGSL,919
property,NGSL,920
previous,NGSL,921
dark,NGSL,922
imagine,NGSL,923
okay,NGSL,924
earn,NGSL,925
daughter,NGSL,926
post,NGSL,927
newspaper,NGSL,928
define,NGSL,929
conclusion,NGSL,930
clock,NGSL,931
everybody,NGSL,932
weekend,NGSL,933
perform,NGSL,934
professional,NGSL,935
mine,NGSL,936
debate,NGSL,937
memory,NGSL,938
green,NGSL,939
song,NGSL,940
object,NGSL,941
maintain,NGSL,942
credit,NGSL,943
ring,NGSL,944
discover,NGSL,945
dead,NGSL,946
afternoon,NGSL,947
prefer,NGSL,948
extend,NGSL,949
possibility,NGSL,950
direction,NGSL,951
facility,NGSL,952
variety,NGSL,953
daily,NGSL,954
clothes,NGSL,955
screen,NGSL,956
track,NGSL,957
dance,NGSL,958
completely,NGSL,959
female,NGSL,960
responsibility,NGSL,961
original,NGSL,962
sister,NGSL,963
rock,NGSL,964
dream,NGSL,965
nor,NGSL,966
university,NGSL,967
easily,NGSL,968
agency,NGSL,969
dollar,NGSL,970
garden,NGSL,971
fix,NGSL,972
ahead,NGSL,973
cross,NGSL,974
yeah,NGSL,975
weight,NGSL,976
legal,NGSL,977
proposal,NGSL,978
version,NGSL,979
conversation,NGSL,980
somebody,NGSL,981
pound,NGSL,982
magazine,NGSL,983
shape,NGSL,984
sea,NGSL,985
immediately,NGSL,986
welcome,NGSL,987
smile,NGSL,988
communication,NGSL,989
agent,NGSL,990
traditional,NGSL,991
replace,NGSL,992
judge,NGSL,993
herself,NGSL,994
suddenly,NGSL,995
generation,NGSL,996
estimate,NGSL,997
favorite,NGSL,998
difficulty,NGSL,999
purchase,NGSL,1000
shoot,NGSL,1001
announce,NGSL,1002
unless,NGSL,1003
independent,NGSL,1004
recommend,NGSL,1005
survey,NGSL,1006
majority,NGSL,1007
stick,NGSL,1008
request,NGSL,1009
rich,NGSL,1010
wind,NGSL,1011
none,NGSL,1012
exchange,NGSL,1013
budget,NGSL,1014
famous,NGSL,1015
blood,NGSL,1016
appropriate,NGSL,1017
block,NGSL,1018
warm,NGSL,1019
count,NGSL,1020
scene,NGSL,1021
writer,NGSL,1022
content,NGSL,1023
prevent,NGSL,1024
safe,NGSL,1025
invite,NGSL,1026
mix,NGSL,1027
element,NGSL,1028
effective,NGSL,1029
correct,NGSL,1030
medical,NGSL,1031
admit,NGSL,1032
beat,NGSL,1033
telephone,NGSL,1034
copy,NGSL,1035
committee,NGSL,1036
aware,NGSL,1037
advice,NGSL,1038
handle,NGSL,1039
glass,NGSL,1040
trial,NGSL,1041
stress,NGSL,1042
radio,NGSL,1043
administration,NGSL,1044
complex,NGSL,1045
text,NGSL,1046
context,NGSL,1047
ride,NGSL,1048
directly,NGSL,1049
heavy,NGSL,1050
remove,NGSL,1051
conduct,NGSL,1052
equipment,NGSL,1053
otherwise,NGSL,1054
title,NGSL,1055
extra,NGSL,1056
executive,NGSL,1057
chair,NGSL,1058
expensive,NGSL,1059
sample,NGSL,1060
sex,NGSL,1061
deliver,NGSL,1062
video,NGSL,1063
connection,NGSL,1064
primary,NGSL,1065
weather,NGSL,1066
collect,NGSL,1067
inform,NGSL,1068
principle,NGSL,1069
straight,NGSL,1070
appeal,NGSL,1071
highly,NGSL,1072
trust,NGSL,1073
wonderful,NGSL,1074
flat,NGSL,1075
absolutely,NGSL,1076
flow,NGSL,1077
fair,NGSL,1078
additional,NGSL,1079
responsible,NGSL,1080
farm,NGSL,1081
collection,NGSL,1082
hang,NGSL,1083
negative,NGSL,1084
band,NGSL,1085
relative,NGSL,1086
tour,NGSL,1087
alternative,NGSL,1088
software,NGSL,1089
pair,NGSL,1090
ship,NGSL,1091
attitude,NGSL,1092
cheap,NGSL,1093
double,NGSL,1094
leg,NGSL,1095
observe,NGSL,1096
sentence,NGSL,1097
print,NGSL,1098
progress,NGSL,1099
truth,NGSL,1100
nobody,NGSL,1101
examine,NGSL,1102
lay,NGSL,1103
speed,NGSL,1104
politics,NGSL,1105
reply,NGSL,1106
display,NGSL,1107
transfer,NGSL,1108
perfect,NGSL,1109
slightly,NGSL,1110
overall,NGSL,1111
intend,NGSL,1112
user,NGSL,1113
respond,NGSL,1114
dinner,NGSL,1115
slow,NGSL,1116
regular,NGSL,1117
physical,NGSL,1118
apart,NGSL,1119
suit,NGSL,1120
federal,NGSL,1121
reveal,NGSL,1122
percentage,NGSL,1123
peace,NGSL,1124
status,NGSL,1125
crime,NGSL,1126
decline,NGSL,1127
decade,NGSL,1128
launch,NGSL,1129
warn,NGSL,1130
consumer,NGSL,1131
favor,NGSL,1132
dry,NGSL,1133
partner,NGSL,1134
institution,NGSL,1135
spot,NGSL,1136
horse,NGSL,1137
eventually,NGSL,1138
heat,NGSL,1139
excite,NGSL,1140
reader,NGSL,1141
importance,NGSL,1142
distance,NGSL,1143
guide,NGSL,1144
grant,NGSL,1145
taxi,NGSL,1146
feed,NGSL,1147
pain,NGSL,1148
sector,NGSL,1149
mistake,NGSL,1150
ensure,NGSL,1151
satisfy,NGSL,1152
chief,NGSL,1153
cool,NGSL,1154
expert,NGSL,1155
wave,NGSL,1156
south,NGSL,1157
labor,NGSL,1158
surface,NGSL,1159
library,NGSL,1160
excellent,NGSL,1161
edge,NGSL,1162
camp,NGSL,1163
audience,NGSL,1164
lift,NGSL,1165
procedure,NGSL,1166
email,NGSL,1167
global,NGSL,1168
struggle,NGSL,1169
advertise,NGSL,1170
select,NGSL,1171
surround,NGSL,1172
extent,NGSL,1173
river,NGSL,1174
annual,NGSL,1175
fully,NGSL,1176
contrast,NGSL,1177
roll,NGSL,1178
reality,NGSL,1179
photograph,NGSL,1180
artist,NGSL,1181
conflict,NGSL,1182
entire,NGSL,1183
presence,NGSL,1184
crowd,NGSL,1185
corner,NGSL,1186
gas,NGSL,1187
shift,NGSL,1188
net,NGSL,1189
category,NGSL,1190
secretary,NGSL,1191
defense,NGSL,1192
quick,NGSL,1193
cook,NGSL,1194
spread,NGSL,1195
nuclear,NGSL,1196
scale,NGSL,1197
driver,NGSL,1198
ball,NGSL,1199
cry,NGSL,1200
introduction,NGSL,1201
requirement,NGSL,1202
north,NGSL,1203
confirm,NGSL,1204
senior,NGSL,1205
photo,NGSL,1206
refuse,NGSL,1207
transport,NGSL,1208
emerge,NGSL,1209
map,NGSL,1210
concept,NGSL,1211
island,NGSL,1212
reform,NGSL,1213
neither,NGSL,1214
football,NGSL,1215
survive,NGSL,1216
flight,NGSL,1217
left,NGSL,1218
solve,NGSL,1219
neighbor,NGSL,1220
background,NGSL,1221
technique,NGSL,1222
traffic,NGSL,1223
improvement,NGSL,1224
tool,NGSL,1225
consequence,NGSL,1226
circumstance,NGSL,1227
smoke,NGSL,1228
reaction,NGSL,1229
rain,NGSL,1230
busy,NGSL,1231
lesson,NGSL,1232
brain,NGSL,1233
mass,NGSL,1234
funny,NGSL,1235
contribute,NGSL,1236
failure,NGSL,1237
schedule,NGSL,1238
speaker,NGSL,1239
bottom,NGSL,1240
adopt,NGSL,1241
combine,NGSL,1242
mountain,NGSL,1243
waste,NGSL,1244
hide,NGSL,1245
marriage,NGSL,1246
ticket,NGSL,1247
meal,NGSL,1248
colleague,NGSL,1249
bag,NGSL,1250
repeat,NGSL,1251
equal,NGSL,1252
expression,NGSL,1253
plus,NGSL,1254
extremely,NGSL,1255
owner,NGSL,1256
plane,NGSL,1257
commercial,NGSL,1258
lady,NGSL,1259
duty,NGSL,1260
strength,NGSL,1261
connect,NGSL,1262
cultural,NGSL,1263
arrange,NGSL,1264
scheme,NGSL,1265
payment,NGSL,1266
unfortunately,NGSL,1267
brief,NGSL,1268
bird,NGSL,1269
demonstrate,NGSL,1270
contribution,NGSL,1271
appreciate,NGSL,1272
chapter,NGSL,1273
secret,NGSL,1274
apparently,NGSL,1275
novel,NGSL,1276
union,NGSL,1277
burn,NGSL,1278
trend,NGSL,1279
initial,NGSL,1280
pleasure,NGSL,1281
suggestion,NGSL,1282
critical,NGSL,1283
gather,NGSL,1284
mostly,NGSL,1285
earth,NGSL,1286
pop,NGSL,1287
essential,NGSL,1288
desire,NGSL,1289
promote,NGSL,1290
currently,NGSL,1291
employ,NGSL,1292
path,NGSL,1293
topic,NGSL,1294
beach,NGSL,1295
attract,NGSL,1296
engage,NGSL,1297
powerful,NGSL,1298
flower,NGSL,1299
crisis,NGSL,1300
settle,NGSL,1301
boat,NGSL,1302
aid,NGSL,1303
fan,NGSL,1304
kitchen,NGSL,1305
twice,NGSL,1306
fresh,NGSL,1307
delay,NGSL,1308
safety,NGSL,1309
engineer,NGSL,1310
quiet,NGSL,1311
insurance,NGSL,1312
nurse,NGSL,1313
divide,NGSL,1314
length,NGSL,1315
investigation,NGSL,1316
package,NGSL,1317
somewhere,NGSL,1318
expand,NGSL,1319
commit,NGSL,1320
obvious,NGSL,1321
jump,NGSL,1322
weapon,NGSL,1323
relatively,NGSL,1324
host,NGSL,1325
winter,NGSL,1326
district,NGSL,1327
broad,NGSL,1328
tire,NGSL,1329
spring,NGSL,1330
spirit,NGSL,1331
lunch,NGSL,1332
actual,NGSL,1333
pool,NGSL,1334
battle,NGSL,1335
tradition,NGSL,1336
cash,NGSL,1337
hardly,NGSL,1338
award,NGSL,1339
coach,NGSL,1340
experiment,NGSL,1341
consideration,NGSL,1342
strange,NGSL,1343
code,NGSL,1344
possibly,NGSL,1345
threat,NGSL,1346
accident,NGSL,1347
impossible,NGSL,1348
revenue,NGSL,1349
enable,NGSL,1350
afraid,NGSL,1351
active,NGSL,1352
conclude,NGSL,1353
religious,NGSL,1354
cancer,NGSL,1355
convince,NGSL,1356
vary,NGSL,1357
environmental,NGSL,1358
sun,NGSL,1359
healthy,NGSL,1360
blow,NGSL,1361
volume,NGSL,1362
location,NGSL,1363
invest,NGSL,1364
proceed,NGSL,1365
wash,NGSL,1366
actor,NGSL,1367
glad,NGSL,1368
tape,NGSL,1369
whereas,NGSL,1370
opposite,NGSL,1371
stone,NGSL,1372
sum,NGSL,1373
murder,NGSL,1374
monitor,NGSL,1375
soldier,NGSL,1376
finance,NGSL,1377
hate,NGSL,1378
egg,NGSL,1379
concert,NGSL,1380
shock,NGSL,1381
comfortable,NGSL,1382
usual,NGSL,1383
carefully,NGSL,1384
pack,NGSL,1385
recall,NGSL,1386
wine,NGSL,1387
camera,NGSL,1388
swim,NGSL,1389
manufacture,NGSL,1390
theater,NGSL,1391
cycle,NGSL,1392
coffee,NGSL,1393
totally,NGSL,1394
museum,NGSL,1395
visitor,NGSL,1396
freedom,NGSL,1397
construction,NGSL,1398
dear,NGSL,1399
objective,NGSL,1400
moreover,NGSL,1401
onto,NGSL,1402
historical,NGSL,1403
oppose,NGSL,1404
branch,NGSL,1405
vehicle,NGSL,1406
scientist,NGSL,1407
route,NGSL,1408
bind,NGSL,1409
belong,NGSL,1410
taste,NGSL,1411
tonight,NGSL,1412
fashion,NGSL,1413
danger,NGSL,1414
bomb,NGSL,1415
army,NGSL,1416
dangerous,NGSL,1417
decrease,NGSL,1418
hurt,NGSL,1419
council,NGSL,1420
editor,NGSL,1421
normally,NGSL,1422
sight,NGSL,1423
generate,NGSL,1424
gift,NGSL,1425
delivery,NGSL,1426
deny,NGSL,1427
guest,NGSL,1428
anybody,NGSL,1429
bedroom,NGSL,1430
quote,NGSL,1431
climb,NGSL,1432
basically,NGSL,1433
violence,NGSL,1434
minister,NGSL,1435
mainly,NGSL,1436
mouth,NGSL,1437
noise,NGSL,1438
manner,NGSL,1439
gun,NGSL,1440
square,NGSL,1441
occasion,NGSL,1442
familiar,NGSL,1443
ignore,NGSL,1444
destroy,NGSL,1445
affair,NGSL,1446
civil,NGSL,1447
locate,NGSL,1448
citizen,NGSL,1449
temperature,NGSL,1450
gold,NGSL,1451
domestic,NGSL,1452
load,NGSL,1453
belief,NGSL,1454
troop,NGSL,1455
technical,NGSL,1456
remind,NGSL,1457
arrangement,NGSL,1458
skin,NGSL,1459
prison,NGSL,1460
switch,NGSL,1461
acquire,NGSL,1462
corporate,NGSL,1463
fairly,NGSL,1464
wood,NGSL,1465
participate,NGSL,1466
tough,NGSL,1467
tear,NGSL,1468
representative,NGSL,1469
capacity,NGSL,1470
border,NGSL,1471
shake,NGSL,1472
assessment,NGSL,1473
shoe,NGSL,1474
ought,NGSL,1475
ad,NGSL,1476
fee,NGSL,1477
hall,NGSL,1478
regulation,NGSL,1479
escape,NGSL,1480
studio,NGSL,1481
proper,NGSL,1482
relax,NGSL,1483
tourist,NGSL,1484
component,NGSL,1485
afford,NGSL,1486
lawyer,NGSL,1487
suspect,NGSL,1488
cup,NGSL,1489
description,NGSL,1490
confidence,NGSL,1491
industrial,NGSL,1492
complain,NGSL,1493
perspective,NGSL,1494
error,NGSL,1495
arrest,NGSL,1496
assess,NGSL,1497
register,NGSL,1498
asset,NGSL,1499
signal,NGSL,1500
finger,NGSL,1501
relevant,NGSL,1502
explore,NGSL,1503
leadership,NGSL,1504
commitment,NGSL,1505
wake,NGSL,1506
necessarily,NGSL,1507
bright,NGSL,1508
frame,NGSL,1509
slowly,NGSL,1510
bond,NGSL,1511
hire,NGSL,1512
hole,NGSL,1513
tie,NGSL,1514
internal,NGSL,1515
chain,NGSL,1516
literature,NGSL,1517
victim,NGSL,1518
threaten,NGSL,1519
division,NGSL,1520
secure,NGSL,1521
amaze,NGSL,1522
device,NGSL,1523
birth,NGSL,1524
forest,NGSL,1525
label,NGSL,1526
root,NGSL,1527
factory,NGSL,1528
expense,NGSL,1529
channel,NGSL,1530
investigate,NGSL,1531
recommendation,NGSL,1532
rank,NGSL,1533
typical,NGSL,1534
west,NGSL,1535
friendly,NGSL,1536
resident,NGSL,1537
provision,NGSL,1538
concentrate,NGSL,1539
plenty,NGSL,1540
export,NGSL,1541
entirely,NGSL,1542
strongly,NGSL,1543
bridge,NGSL,1544
consist,NGSL,1545
graduate,NGSL,1546
brand,NGSL,1547
moral,NGSL,1548
insist,NGSL,1549
combination,NGSL,1550
abuse,NGSL,1551
ice,NGSL,1552
principal,NGSL,1553
master,NGSL,1554
definitely,NGSL,1555
session,NGSL,1556
grade,NGSL,1557
nevertheless,NGSL,1558
predict,NGSL,1559
previously,NGSL,1560
protection,NGSL,1561
largely,NGSL,1562
wed,NGSL,1563
rent,NGSL,1564
shot,NGSL,1565
appearance,NGSL,1566
reasonable,NGSL,1567
guarantee,NGSL,1568
till,NGSL,1569
theme,NGSL,1570
judgment,NGSL,1571
odd,NGSL,1572
approve,NGSL,1573
loan,NGSL,1574
definition,NGSL,1575
elect,NGSL,1576
atmosphere,NGSL,1577
farmer,NGSL,1578
comparison,NGSL,1579
characteristic,NGSL,1580
license,NGSL,1581
rely,NGSL,1582
narrow,NGSL,1583
succeed,NGSL,1584
identity,NGSL,1585
desk,NGSL,1586
permit,NGSL,1587
seriously,NGSL,1588
wild,NGSL,1589
empty,NGSL,1590
commission,NGSL,1591
unique,NGSL,1592
association,NGSL,1593
instrument,NGSL,1594
investor,NGSL,1595
practical,NGSL,1596
tea,NGSL,1597
lovely,NGSL,1598
soft,NGSL,1599
row,NGSL,1600
youth,NGSL,1601
lock,NGSL,1602
fuel,NGSL,1603
expectation,NGSL,1604
employment,NGSL,1605
celebrate,NGSL,1606
sexual,NGSL,1607
shoulder,NGSL,1608
breath,NGSL,1609
increasingly,NGSL,1610
import,NGSL,1611
bottle,NGSL,1612
ourselves,NGSL,1613
sheet,NGSL,1614
engine,NGSL,1615
cast,NGSL,1616
notion,NGSL,1617
conservative,NGSL,1618
journey,NGSL,1619
opposition,NGSL,1620
relief,NGSL,1621
debt,NGSL,1622
honor,NGSL,1623
outcome,NGSL,1624
blame,NGSL,1625
explanation,NGSL,1626
arise,NGSL,1627
musical,NGSL,1628
recover,NGSL,1629
dad,NGSL,1630
stretch,NGSL,1631
declare,NGSL,1632
retire,NGSL,1633
tiny,NGSL,1634
careful,NGSL,1635
suitable,NGSL,1636
native,NGSL,1637
fruit,NGSL,1638
analyze,NGSL,1639
witness,NGSL,1640
mail,NGSL,1641
terrible,NGSL,1642
researcher,NGSL,1643
ordinary,NGSL,1644
selection,NGSL,1645
anywhere,NGSL,1646
mental,NGSL,1647
participant,NGSL,1648
vision,NGSL,1649
personality,NGSL,1650
specifically,NGSL,1651
fat,NGSL,1652
entry,NGSL,1653
fellow,NGSL,1654
chemical,NGSL,1655
capture,NGSL,1656
tip,NGSL,1657
discount,NGSL,1658
peak,NGSL,1659
chairman,NGSL,1660
proportion,NGSL,1661
ear,NGSL,1662
disappear,NGSL,1663
shout,NGSL,1664
yard,NGSL,1665
constant,NGSL,1666
significantly,NGSL,1667
hill,NGSL,1668
considerable,NGSL,1669
instruction,NGSL,1670
intelligence,NGSL,1671
ideal,NGSL,1672
folk,NGSL,1673
surely,NGSL,1674
guard,NGSL,1675
cat,NGSL,1676
somewhat,NGSL,1677
kiss,NGSL,1678
presentation,NGSL,1679
joint,NGSL,1680
compete,NGSL,1681
poll,NGSL,1682
weak,NGSL,1683
faith,NGSL,1684
reduction,NGSL,1685
reserve,NGSL,1686
complaint,NGSL,1687
bore,NGSL,1688
mission,NGSL,1689
somehow,NGSL,1690
tone,NGSL,1691
neighborhood,NGSL,1692
passenger,NGSL,1693
justice,NGSL,1694
phase,NGSL,1695
thin,NGSL,1696
rush,NGSL,1697
formal,NGSL,1698
religion,NGSL,1699
employer,NGSL,1700
reject,NGSL,1701
latter,NGSL,1702
plate,NGSL,1703
ban,NGSL,1704
steal,NGSL,1705
protest,NGSL,1706
index,NGSL,1707
sad,NGSL,1708
frequently,NGSL,1709
circle,NGSL,1710
helpful,NGSL,1711
command,NGSL,1712
attractive,NGSL,1713
sick,NGSL,1714
impression,NGSL,1715
unable,NGSL,1716
joke,NGSL,1717
sky,NGSL,1718
column,NGSL,1719
electronic,NGSL,1720
impose,NGSL,1721
criminal,NGSL,1722
besides,NGSL,1723
properly,NGSL,1724
ancient,NGSL,1725
coast,NGSL,1726
ill,NGSL,1727
kick,NGSL,1728
closely,NGSL,1729
multiple,NGSL,1730
yield,NGSL,1731
via,NGSL,1732
legislation,NGSL,1733
county,NGSL,1734
unlike,NGSL,1735
mobile,NGSL,1736
assistant,NGSL,1737
implement,NGSL,1738
chart,NGSL,1739
attach,NGSL,1740
hell,NGSL,1741
everywhere,NGSL,1742
advise,NGSL,1743
household,NGSL,1744
acknowledge,NGSL,1745
reward,NGSL,1746
east,NGSL,1747
hat,NGSL,1748
academic,NGSL,1749
voter,NGSL,1750
meanwhile,NGSL,1751
furthermore,NGSL,1752
accuse,NGSL,1753
scientific,NGSL,1754
wage,NGSL,1755
absence,NGSL,1756
construct,NGSL,1757
remark,NGSL,1758
medicine,NGSL,1759
professor,NGSL,1760
rare,NGSL,1761
intention,NGSL,1762
dozen,NGSL,1763
settlement,NGSL,1764
gap,NGSL,1765
widely,NGSL,1766
minimum,NGSL,1767
northern,NGSL,1768
estate,NGSL,1769
equally,NGSL,1770
expose,NGSL,1771
alive,NGSL,1772
shut,NGSL,1773
victory,NGSL,1774
resolve,NGSL,1775
critic,NGSL,1776
variable,NGSL,1777
enormous,NGSL,1778
sweet,NGSL,1779
permanent,NGSL,1780
emotion,NGSL,1781
pursue,NGSL,1782
tall,NGSL,1783
urge,NGSL,1784
enemy,NGSL,1785
appoint,NGSL,1786
milk,NGSL,1787
talent,NGSL,1788
smell,NGSL,1789
prior,NGSL,1790
priority,NGSL,1791
online,NGSL,1792
phrase,NGSL,1793
pilot,NGSL,1794
stable,NGSL,1795
merely,NGSL,1796
resolution,NGSL,1797
communicate,NGSL,1798
injury,NGSL,1799
vast,NGSL,1800
exhibition,NGSL,1801
producer,NGSL,1802
regional,NGSL,1803
immediate,NGSL,1804
incident,NGSL,1805
childhood,NGSL,1806
draft,NGSL,1807
slip,NGSL,1808
accompany,NGSL,1809
politician,NGSL,1810
angry,NGSL,1811
knock,NGSL,1812
seed,NGSL,1813
salary,NGSL,1814
illustrate,NGSL,1815
imply,NGSL,1816
breakfast,NGSL,1817
temporary,NGSL,1818
liberal,NGSL,1819
lake,NGSL,1820
qualify,NGSL,1821
competitive,NGSL,1822
truly,NGSL,1823
hi,NGSL,1824
yellow,NGSL,1825
habit,NGSL,1826
disk,NGSL,1827
core,NGSL,1828
emotional,NGSL,1829
aircraft,NGSL,1830
self,NGSL,1831
metal,NGSL,1832
existence,NGSL,1833
bone,NGSL,1834
panel,NGSL,1835
prime,NGSL,1836
appointment,NGSL,1837
emphasize,NGSL,1838
maximum,NGSL,1839
effectively,NGSL,1840
elsewhere,NGSL,1841
bother,NGSL,1842
initiative,NGSL,1843
sharp,NGSL,1844
diet,NGSL,1845
motion,NGSL,1846
gray,NGSL,1847
plastic,NGSL,1848
complicate,NGSL,1849
discipline,NGSL,1850
disappoint,NGSL,1851
boss,NGSL,1852
assumption,NGSL,1853
freeze,NGSL,1854
extreme,NGSL,1855
passage,NGSL,1856
reputation,NGSL,1857
forth,NGSL,1858
negotiation,NGSL,1859
mechanism,NGSL,1860
coat,NGSL,1861
democracy,NGSL,1862
pocket,NGSL,1863
lucky,NGSL,1864
crash,NGSL,1865
observation,NGSL,1866
meat,NGSL,1867
concentration,NGSL,1868
implication,NGSL,1869
deserve,NGSL,1870
unusual,NGSL,1871
defend,NGSL,1872
classic,NGSL,1873
king,NGSL,1874
interaction,NGSL,1875
repair,NGSL,1876
collapse,NGSL,1877
borrow,NGSL,1878
fundamental,NGSL,1879
dish,NGSL,1880
abroad,NGSL,1881
soul,NGSL,1882
capable,NGSL,1883
defeat,NGSL,1884
presidential,NGSL,1885
perfectly,NGSL,1886
enhance,NGSL,1887
proud,NGSL,1888
emergency,NGSL,1889
educational,NGSL,1890
distinguish,NGSL,1891
substantial,NGSL,1892
nearby,NGSL,1893
manufacturer,NGSL,1894
slide,NGSL,1895
valuable,NGSL,1896
personally,NGSL,1897
breast,NGSL,1898
cope,NGSL,1899
approximately,NGSL,1900
accommodation,NGSL,1901
highlight,NGSL,1902
reporter,NGSL,1903
climate,NGSL,1904
shirt,NGSL,1905
exception,NGSL,1906
corporation,NGSL,1907
chip,NGSL,1908
winner,NGSL,1909
encounter,NGSL,1910
brown,NGSL,1911
breathe,NGSL,1912
excuse,NGSL,1913
partly,NGSL,1914
tennis,NGSL,1915
urban,NGSL,1916
confuse,NGSL,1917
southern,NGSL,1918
output,NGSL,1919
beauty,NGSL,1920
massive,NGSL,1921
install,NGSL,1922
calculate,NGSL,1923
mouse,NGSL,1924
mathematics,NGSL,1925
upper,NGSL,1926
creation,NGSL,1927
occupy,NGSL,1928
outline,NGSL,1929
sufficient,NGSL,1930
update,NGSL,1931
luck,NGSL,1932
preserve,NGSL,1933
split,NGSL,1934
swing,NGSL,1935
illness,NGSL,1936
journalist,NGSL,1937
sudden,NGSL,1938
advertisement,NGSL,1939
consistent,NGSL,1940
originally,NGSL,1941
aside,NGSL,1942
comfort,NGSL,1943
secondly,NGSL,1944
severe,NGSL,1945
gene,NGSL,1946
prospect,NGSL,1947
snow,NGSL,1948
plot,NGSL,1949
neck,NGSL,1950
criterion,NGSL,1951
primarily,NGSL,1952
integrate,NGSL,1953
criticism,NGSL,1954
convention,NGSL,1955
bet,NGSL,1956
retain,NGSL,1957
sequence,NGSL,1958
plain,NGSL,1959
volunteer,NGSL,1960
rural,NGSL,1961
calm,NGSL,1962
abandon,NGSL,1963
examination,NGSL,1964
silence,NGSL,1965
rapidly,NGSL,1966
efficient,NGSL,1967
revolution,NGSL,1968
delight,NGSL,1969
spell,NGSL,1970
premise,NGSL,1971
lean,NGSL,1972
dramatic,NGSL,1973
differ,NGSL,1974
grateful,NGSL,1975
protein,NGSL,1976
bike,NGSL,1977
distribute,NGSL,1978
intellectual,NGSL,1979
derive,NGSL,1980
crucial,NGSL,1981
unemployment,NGSL,1982
wheel,NGSL,1983
crop,NGSL,1984
minority,NGSL,1985
origin,NGSL,1986
interpretation,NGSL,1987
gentleman,NGSL,1988
drama,NGSL,1989
landscape,NGSL,1990
educate,NGSL,1991
toy,NGSL,1992
fault,NGSL,1993
exhibit,NGSL,1994
minor,NGSL,1995
hunt,NGSL,1996
storm,NGSL,1997
thick,NGSL,1998
achievement,NGSL,1999
negotiate,NGSL,2000
dominate,NGSL,2001
supplier,NGSL,2002
prize,NGSL,2003
typically,NGSL,2004
peer,NGSL,2005
pension,NGSL,2006
wing,NGSL,2007
acquisition,NGSL,2008
laughter,NGSL,2009
deeply,NGSL,2010
recognition,NGSL,2011
electricity,NGSL,2012
assistance,NGSL,2013
roof,NGSL,2014
retirement,NGSL,2015
respectively,NGSL,2016
variation,NGSL,2017
ultimately,NGSL,2018
proof,NGSL,2019
soil,NGSL,2020
smart,NGSL,2021
layer,NGSL,2022
upset,NGSL,2023
tooth,NGSL,2024
representation,NGSL,2025
preparation,NGSL,2026
dispute,NGSL,2027
agenda,NGSL,2028
emphasis,NGSL,2029
edition,NGSL,2030
silver,NGSL,2031
entertainment,NGSL,2032
honest,NGSL,2033
undertake,NGSL,2034
retail,NGSL,2035
wire,NGSL,2036
unlikely,NGSL,2037
gay,NGSL,2038
publication,NGSL,2039
slight,NGSL,2040
unknown,NGSL,2041
framework,NGSL,2042
zone,NGSL,2043
restrict,NGSL,2044
trace,NGSL,2045
inch,NGSL,2046
equivalent,NGSL,2047
solid,NGSL,2048
enterprise,NGSL,2049
elderly,NGSL,2050
owe,NGSL,2051
governor,NGSL,2052
uniform,NGSL,2053
port,NGSL,2054
pitch,NGSL,2055
arrival,NGSL,2056
contemporary,NGSL,2057
gate,NGSL,2058
ease,NGSL,2059
beer,NGSL,2060
specialist,NGSL,2061
assure,NGSL,2062
profile,NGSL,2063
mood,NGSL,2064
episode,NGSL,2065
crack,NGSL,2066
numerous,NGSL,2067
submit,NGSL,2068
symptom,NGSL,2069
virtually,NGSL,2070
era,NGSL,2071
coverage,NGSL,2072
tension,NGSL,2073
cable,NGSL,2074
sensitive,NGSL,2075
nervous,NGSL,2076
input,NGSL,2077
isolate,NGSL,2078
prisoner,NGSL,2079
eliminate,NGSL,2080
tight,NGSL,2081
wet,NGSL,2082
secondary,NGSL,2083
welfare,NGSL,2084
recruit,NGSL,2085
exclude,NGSL,2086
string,NGSL,2087
cloud,NGSL,2088
persuade,NGSL,2089
inspire,NGSL,2090
grand,NGSL,2091
hence,NGSL,2092
crew,NGSL,2093
phenomenon,NGSL,2094
pupil,NGSL,2095
false,NGSL,2096
assist,NGSL,2097
restore,NGSL,2098
formula,NGSL,2099
alter,NGSL,2100
perceive,NGSL,2101
routine,NGSL,2102
sink,NGSL,2103
stare,NGSL,2104
anymore,NGSL,2105
hero,NGSL,2106
supporter,NGSL,2107
convert,NGSL,2108
steady,NGSL,2109
meter,NGSL,2110
truck,NGSL,2111
nose,NGSL,2112
beside,NGSL,2113
sail,NGSL,2114
disaster,NGSL,2115
pace,NGSL,2116
heavily,NGSL,2117
devote,NGSL,2118
terrorist,NGSL,2119
justify,NGSL,2120
vital,NGSL,2121
fascinate,NGSL,2122
external,NGSL,2123
spare,NGSL,2124
whenever,NGSL,2125
depression,NGSL,2126
guilty,NGSL,2127
underlie,NGSL,2128
mom,NGSL,2129
distinction,NGSL,2130
satisfaction,NGSL,2131
incorporate,NGSL,2132
pour,NGSL,2133
sweep,NGSL,2134
obligation,NGSL,2135
sir,NGSL,2136
evaluate,NGSL,2137
anger,NGSL,2138
pub,NGSL,2139
perception,NGSL,2140
naturally,NGSL,2141
currency,NGSL,2142
database,NGSL,2143
initially,NGSL,2144
territory,NGSL,2145
stream,NGSL,2146
rarely,NGSL,2147
height,NGSL,2148
apparent,NGSL,2149
western,NGSL,2150
expansion,NGSL,2151
constantly,NGSL,2152
muscle,NGSL,2153
scare,NGSL,2154
badly,NGSL,2155
everyday,NGSL,2156
boundary,NGSL,2157
ratio,NGSL,2158
essay,NGSL,2159
scream,NGSL,2160
withdraw,NGSL,2161
pollution,NGSL,2162
disorder,NGSL,2163
furniture,NGSL,2164
symbol,NGSL,2165
apartment,NGSL,2166
demonstration,NGSL,2167
analyst,NGSL,2168
platform,NGSL,2169
steel,NGSL,2170
cake,NGSL,2171
transform,NGSL,2172
wound,NGSL,2173
restriction,NGSL,2174
foundation,NGSL,2175
designer,NGSL,2176
strain,NGSL,2177
innovation,NGSL,2178
album,NGSL,2179
singer,NGSL,2180
trail,NGSL,2181
trap,NGSL,2182
loose,NGSL,2183
extension,NGSL,2184
wealth,NGSL,2185
gradually,NGSL,2186
tank,NGSL,2187
evil,NGSL,2188
remarkable,NGSL,2189
tune,NGSL,2190
grass,NGSL,2191
invitation,NGSL,2192
transition,NGSL,2193
frighten,NGSL,2194
bid,NGSL,2195
breed,NGSL,2196
extraordinary,NGSL,2197
brilliant,NGSL,2198
adviser,NGSL,2199
stem,NGSL,2200
reverse,NGSL,2201
mode,NGSL,2202
mirror,NGSL,2203
awful,NGSL,2204
pose,NGSL,2205
adjust,NGSL,2206
creative,NGSL,2207
nowadays,NGSL,2208
poem,NGSL,2209
agricultural,NGSL,2210
competitor,NGSL,2211
alcohol,NGSL,2212
festival,NGSL,2213
vegetable,NGSL,2214
van,NGSL,2215
confident,NGSL,2216
planet,NGSL,2217
curve,NGSL,2218
knee,NGSL,2219
overcome,NGSL,2220
web,NGSL,2221
depth,NGSL,2222
entrance,NGSL,2223
log,NGSL,2224
giant,NGSL,2225
god,NGSL,2226
portion,NGSL,2227
substance,NGSL,2228
extensive,NGSL,2229
interpret,NGSL,2230
independence,NGSL,2231
sugar,NGSL,2232
inner,NGSL,2233
harm,NGSL,2234
consult,NGSL,2235
pink,NGSL,2236
shadow,NGSL,2237
strip,NGSL,2238
smooth,NGSL,2239
intervention,NGSL,2240
impress,NGSL,2241
exam,NGSL,2242
vice,NGSL,2243
radical,NGSL,2244
similarly,NGSL,2245
behave,NGSL,2246
loud,NGSL,2247
dimension,NGSL,2248
subsequent,NGSL,2249
infection,NGSL,2250
jacket,NGSL,2251
efficiency,NGSL,2252
dirty,NGSL,2253
statistic,NGSL,2254
regularly,NGSL,2255
resort,NGSL,2256
iron,NGSL,2257
broadcast,NGSL,2258
membership,NGSL,2259
bread,NGSL,2260
blind,NGSL,2261
pure,NGSL,2262
bloody,NGSL,2263
ally,NGSL,2264
quantity,NGSL,2265
bend,NGSL,2266
mature,NGSL,2267
briefly,NGSL,2268
alarm,NGSL,2269
disturb,NGSL,2270
sustain,NGSL,2271
flood,NGSL,2272
poverty,NGSL,2273
crazy,NGSL,2274
cite,NGSL,2275
newly,NGSL,2276
parallel,NGSL,2277
gender,NGSL,2278
sponsor,NGSL,2279
boot,NGSL,2280
accurate,NGSL,2281
dealer,NGSL,2282
button,NGSL,2283
burden,NGSL,2284
desert,NGSL,2285
mate,NGSL,2286
occasionally,NGSL,2287
shareholder,NGSL,2288
bowl,NGSL,2289
discovery,NGSL,2290
resistance,NGSL,2291
bath,NGSL,2292
frequency,NGSL,2293
criticize,NGSL,2294
tap,NGSL,2295
philosophy,NGSL,2296
lip,NGSL,2297
attribute,NGSL,2298
apologize,NGSL,2299
approval,NGSL,2300
grab,NGSL,2301
entitle,NGSL,2302
lend,NGSL,2303
involvement,NGSL,2304
exposure,NGSL,2305
conventional,NGSL,2306
digital,NGSL,2307
translate,NGSL,2308
edit,NGSL,2309
formation,NGSL,2310
deposit,NGSL,2311
pleasant,NGSL,2312
overseas,NGSL,2313
advocate,NGSL,2314
establishment,NGSL,2315
summary,NGSL,2316
rough,NGSL,2317
pen,NGSL,2318
recovery,NGSL,2319
seal,NGSL,2320
tube,NGSL,2321
tower,NGSL,2322
characterize,NGSL,2323
specify,NGSL,2324
exact,NGSL,2325
spin,NGSL,2326
operator,NGSL,2327
infant,NGSL,2328
dig,NGSL,2329
drag,NGSL,2330
mount,NGSL,2331
wrap,NGSL,2332
anticipate,NGSL,2333
dependent,NGSL,2334
specialize,NGSL,2335
angle,NGSL,2336
chicken,NGSL,2337
anxiety,NGSL,2338
virus,NGSL,2339
precisely,NGSL,2340
rival,NGSL,2341
offense,NGSL,2342
detect,NGSL,2343
teenager,NGSL,2344
admire,NGSL,2345
moderate,NGSL,2346
surgery,NGSL,2347
musician,NGSL,2348
significance,NGSL,2349
shower,NGSL,2350
illegal,NGSL,2351
charity,NGSL,2352
universal,NGSL,2353
cigarette,NGSL,2354
constitute,NGSL,2355
adequate,NGSL,2356
consultant,NGSL,2357
historian,NGSL,2358
cousin,NGSL,2359
visual,NGSL,2360
stupid,NGSL,2361
keen,NGSL,2362
ethnic,NGSL,2363
twin,NGSL,2364
clinical,NGSL,2365
eastern,NGSL,2366
forecast,NGSL,2367
segment,NGSL,2368
custom,NGSL,2369
adapt,NGSL,2370
sand,NGSL,2371
cap,NGSL,2372
prompt,NGSL,2373
charm,NGSL,2374
react,NGSL,2375
lecture,NGSL,2376
venture,NGSL,2377
compound,NGSL,2378
rescue,NGSL,2379
mess,NGSL,2380
preference,NGSL,2381
comprehensive,NGSL,2382
incentive,NGSL,2383
league,NGSL,2384
dialog,NGSL,2385
cream,NGSL,2386
rapid,NGSL,2387
cancel,NGSL,2388
regret,NGSL,2389
dismiss,NGSL,2390
margin,NGSL,2391
beneath,NGSL,2392
opponent,NGSL,2393
resist,NGSL,2394
capability,NGSL,2395
absolute,NGSL,2396
correspond,NGSL,2397
stroke,NGSL,2398
dare,NGSL,2399
barrier,NGSL,2400
rid,NGSL,2401
divorce,NGSL,2402
ruin,NGSL,2403
bury,NGSL,2404
counsel,NGSL,2405
tendency,NGSL,2406
frequent,NGSL,2407
motor,NGSL,2408
survival,NGSL,2409
counter,NGSL,2410
possess,NGSL,2411
permission,NGSL,2412
valley,NGSL,2413
float,NGSL,2414
mad,NGSL,2415
greatly,NGSL,2416
visible,NGSL,2417
electric,NGSL,2418
impressive,NGSL,2419
evolution,NGSL,2420
awareness,NGSL,2421
violent,NGSL,2422
slave,NGSL,2423
wealthy,NGSL,2424
architecture,NGSL,2425
acceptable,NGSL,2426
journal,NGSL,2427
coal,NGSL,2428
measurement,NGSL,2429
random,NGSL,2430
successfully,NGSL,2431
depress,NGSL,2432
illustration,NGSL,2433
burst,NGSL,2434
privilege,NGSL,2435
buyer,NGSL,2436
mutual,NGSL,2437
rail,NGSL,2438
motivate,NGSL,2439
laboratory,NGSL,2440
mortgage,NGSL,2441
promotion,NGSL,2442
passion,NGSL,2443
champion,NGSL,2444
fulfill,NGSL,2445
dust,NGSL,2446
dedicate,NGSL,2447
roughly,NGSL,2448
skirt,NGSL,2449
province,NGSL,2450
march,NGSL,2451
evaluation,NGSL,2452
compromise,NGSL,2453
accomplish,NGSL,2454
weakness,NGSL,2455
announcement,NGSL,2456
salt,NGSL,2457
glance,NGSL,2458
opera,NGSL,2459
contest,NGSL,2460
brush,NGSL,2461
embarrass,NGSL,2462
gallery,NGSL,2463
genetic,NGSL,2464
aggressive,NGSL,2465
chest,NGSL,2466
format,NGSL,2467
literary,NGSL,2468
govern,NGSL,2469
embrace,NGSL,2470
praise,NGSL,2471
silent,NGSL,2472
pump,NGSL,2473
publisher,NGSL,2474
celebration,NGSL,2475
golf,NGSL,2476
compensation,NGSL,2477
classical,NGSL,2478
weigh,NGSL,2479
versus,NGSL,2480
deficit,NGSL,2481
modify,NGSL,2482
flash,NGSL,2483
friendship,NGSL,2484
profession,NGSL,2485
literally,NGSL,2486
equation,NGSL,2487
gesture,NGSL,2488
entertain,NGSL,2489
fantastic,NGSL,2490
assign,NGSL,2491
inflation,NGSL,2492
historic,NGSL,2493
injure,NGSL,2494
remote,NGSL,2495
therapy,NGSL,2496
orange,NGSL,2497
twist,NGSL,2498
personnel,NGSL,2499
imagination,NGSL,2500
disagree,NGSL,2501
throat,NGSL,2502
insight,NGSL,2503
tackle,NGSL,2504
forever,NGSL,2505
exceed,NGSL,2506
expenditure,NGSL,2507
joy,NGSL,2508
pregnant,NGSL,2509
reliable,NGSL,2510
gear,NGSL,2511
poet,NGSL,2512
fortune,NGSL,2513
ceremony,NGSL,2514
pile,NGSL,2515
pig,NGSL,2516
mixture,NGSL,2517
automatically,NGSL,2518
scholar,NGSL,2519
psychological,NGSL,2520
dramatically,NGSL,2521
stake,NGSL,2522
creature,NGSL,2523
partnership,NGSL,2524
participation,NGSL,2525
clause,NGSL,2526
penalty,NGSL,2527
chamber,NGSL,2528
fancy,NGSL,2529
poetry,NGSL,2530
chat,NGSL,2531
clothing,NGSL,2532
evolve,NGSL,2533
sake,NGSL,2534
shelf,NGSL,2535
boost,NGSL,2536
tail,NGSL,2537
possession,NGSL,2538
abortion,NGSL,2539
curious,NGSL,2540
wooden,NGSL,2541
boom,NGSL,2542
tale,NGSL,2543
democratic,NGSL,2544
maintenance,NGSL,2545
consequently,NGSL,2546
pot,NGSL,2547
cow,NGSL,2548
strengthen,NGSL,2549
whilst,NGSL,2550
constraint,NGSL,2551
fold,NGSL,2552
bin,NGSL,2553
undergo,NGSL,2554
potentially,NGSL,2555
scope,NGSL,2556
pretend,NGSL,2557
diversity,NGSL,2558
allege,NGSL,2559
pride,NGSL,2560
intense,NGSL,2561
inquiry,NGSL,2562
resign,NGSL,2563
craft,NGSL,2564
strict,NGSL,2565
concrete,NGSL,2566
shell,NGSL,2567
damn,NGSL,2568
distinct,NGSL,2569
humor,NGSL,2570
limitation,NGSL,2571
indication,NGSL,2572
stability,NGSL,2573
wise,NGSL,2574
neglect,NGSL,2575
compose,NGSL,2576
jail,NGSL,2577
shelter,NGSL,2578
mere,NGSL,2579
carbon,NGSL,2580
regulate,NGSL,2581
cheese,NGSL,2582
trigger,NGSL,2583
pipe,NGSL,2584
destruction,NGSL,2585
guitar,NGSL,2586
flag,NGSL,2587
piano,NGSL,2588
magic,NGSL,2589
mystery,NGSL,2590
ski,NGSL,2591
whisper,NGSL,2592
rear,NGSL,2593
menu,NGSL,2594
species,NGSL,2595
moon,NGSL,2596
presumably,NGSL,2597
bless,NGSL,2598
airline,NGSL,2599
amendment,NGSL,2600
grandmother,NGSL,2601
jury,NGSL,2602
cooperation,NGSL,2603
civilian,NGSL,2604
composition,NGSL,2605
coin,NGSL,2606
regardless,NGSL,2607
scan,NGSL,2608
bunch,NGSL,2609
racial,NGSL,2610
greet,NGSL,2611
hopefully,NGSL,2612
sanction,NGSL,2613
trick,NGSL,2614
paragraph,NGSL,2615
maker,NGSL,2616
chocolate,NGSL,2617
stimulate,NGSL,2618
belt,NGSL,2619
potato,NGSL,2620
narrative,NGSL,2621
tissue,NGSL,2622
barely,NGSL,2623
invent,NGSL,2624
tourism,NGSL,2625
pro,NGSL,2626
stair,NGSL,2627
hesitate,NGSL,2628
shine,NGSL,2629
motivation,NGSL,2630
romantic,NGSL,2631
firmly,NGSL,2632
interior,NGSL,2633
stomach,NGSL,2634
nowhere,NGSL,2635
pray,NGSL,2636
championship,NGSL,2637
servant,NGSL,2638
immigrant,NGSL,2639
excess,NGSL,2640
complexity,NGSL,2641
liability,NGSL,2642
surprisingly,NGSL,2643
extract,NGSL,2644
implementation,NGSL,2645
bias,NGSL,2646
differently,NGSL,2647
catalog,NGSL,2648
continuous,NGSL,2649
golden,NGSL,2650
stamp,NGSL,2651
guideline,NGSL,2652
envelope,NGSL,2653
knife,NGSL,2654
biological,NGSL,2655
consume,NGSL,2656
luxury,NGSL,2657
weekly,NGSL,2658
wherever,NGSL,2659
bite,NGSL,2660
printer,NGSL,2661
firstly,NGSL,2662
anxious,NGSL,2663
adventure,NGSL,2664
fence,NGSL,2665
exhaust,NGSL,2666
attraction,NGSL,2667
ocean,NGSL,2668
quietly,NGSL,2669
castle,NGSL,2670
veteran,NGSL,2671
reflection,NGSL,2672
nerve,NGSL,2673
determination,NGSL,2674
altogether,NGSL,2675
fiction,NGSL,2676
carpet,NGSL,2677
cluster,NGSL,2678
confusion,NGSL,2679
hurry,NGSL,2680
logic,NGSL,2681
controversial,NGSL,2682
raw,NGSL,2683
grammar,NGSL,2684
revise,NGSL,2685
hint,NGSL,2686
hook,NGSL,2687
bell,NGSL,2688
liquid,NGSL,2689
panic,NGSL,2690
uncle,NGSL,2691
rice,NGSL,2692
slope,NGSL,2693
happiness,NGSL,2694
genuine,NGSL,2695
vessel,NGSL,2696
verb,NGSL,2697
reckon,NGSL,2698
silly,NGSL,2699
transportation,NGSL,2700
harbor,NGSL,2701
comedy,NGSL,2702
chase,NGSL,2703
storage,NGSL,2704
universe,NGSL,2705
horrible,NGSL,2706
sheep,NGSL,2707
lover,NGSL,2708
rat,NGSL,2709
portrait,NGSL,2710
innocent,NGSL,2711
substitute,NGSL,2712
supplement,NGSL,2713
adjustment,NGSL,2714
reasonably,NGSL,2715
filter,NGSL,2716
flexible,NGSL,2717
abstract,NGSL,2718
tent,NGSL,2719
precise,NGSL,2720
distant,NGSL,2721
stranger,NGSL,2722
shade,NGSL,2723
grain,NGSL,2724
situate,NGSL,2725
summarize,NGSL,2726
leap,NGSL,2727
snap,NGSL,2728
probability,NGSL,2729
leather,NGSL,2730
uncertainty,NGSL,2731
swear,NGSL,2732
refugee,NGSL,2733
shore,NGSL,2734
monthly,NGSL,2735
comprise,NGSL,2736
stir,NGSL,2737
excitement,NGSL,2738
sigh,NGSL,2739
pregnancy,NGSL,2740
experimental,NGSL,2741
institutional,NGSL,2742
slice,NGSL,2743
wander,NGSL,2744
empire,NGSL,2745
subsequently,NGSL,2746
gentle,NGSL,2747
attendance,NGSL,2748
ownership,NGSL,2749
qualification,NGSL,2750
suspend,NGSL,2751
functional,NGSL,2752
voluntary,NGSL,2753
pale,NGSL,2754
stain,NGSL,2755
athlete,NGSL,2756
organic,NGSL,2757
tongue,NGSL,2758
server,NGSL,2759
structural,NGSL,2760
fool,NGSL,2761
alongside,NGSL,2762
unite,NGSL,2763
gently,NGSL,2764
compute,NGSL,2765
wipe,NGSL,2766
weird,NGSL,2767
gaze,NGSL,2768
fade,NGSL,2769
cough,NGSL,2770
hypothesis,NGSL,2771
royal,NGSL,2772
theoretical,NGSL,2773
curtain,NGSL,2774
mayor,NGSL,2775
darkness,NGSL,2776
aunt,NGSL,2777
tournament,NGSL,2778
registration,NGSL,2779
fragment,NGSL,2780
listener,NGSL,2781
tender,NGSL,2782
density,NGSL,2783
ugly,NGSL,2784
module,NGSL,2785
faithfully,NGSL,2786
autumn,NGSL,2787
cheek,NGSL,2788
attachment,NGSL,2789
holder,NGSL,2790
grin,NGSL,2791
noun,NGSL,2792
fortunate,NGSL,2793
alright,NGSL,2794
lazy,NGSL,2795
hello,NGSL,2796
hunger,NGSL,2797
insure,NGSL,2798
ashamed,NGSL,2799
found,NGSL,2800
thirst,NGSL,2801
authority,NAWL,11
publish,NAWL,9
conference,NAWL,162
aspect,NAWL,5
client,NAWL,267
impact,NAWL,7
candidate,NAWL,59
obtain,NAWL,2
repertoire,NAWL,1
distribution,NAWL,3
afterward,NAWL,759
essentially,NAWL,101
classroom,NAWL,256
regime,NAWL,45
cinema,NAWL,847
acid,NAWL,21
transaction,NAWL,306
disadvantage,NAWL,474
dynamic,NAWL,6
strategic,NAWL,458
shortly,NAWL,650
contrary,NAWL,254
mid,NAWL,176
graph,NAWL,18
diary,NAWL,665
jazz,NAWL,760
click,NAWL,844
amongst,NAWL,433
sophisticate,NAWL,503
translation,NAWL,40
headquarter,NAWL,882
suicide,NAWL,373
portfolio,NAWL,717
workshop,NAWL,481
occupation,NAWL,359
consumption,NAWL,68
absorb,NAWL,460
domain,NAWL,8
leisure,NAWL,695
lifestyle,NAWL,719
tremendous,NAWL,830
exit,NAWL,618
curriculum,NAWL,494
productivity,NAWL,362
superior,NAWL,271
assembly,NAWL,315
incredible,NAWL,926
upward,NAWL,625
prominent,NAWL,307
lifetime,NAWL,463
ultimate,NAWL,469
missile,NAWL,913
utility,NAWL,203
exploit,NAWL,356
seminar,NAWL,804
widespread,NAWL,293
emission,NAWL,233
integration,NAWL,80
bargain,NAWL,659
carrier,NAWL,532
dominant,NAWL,81
cure,NAWL,686
par,NAWL,13
admission,NAWL,490
dose,NAWL,111
execute,NAWL,547
conscious,NAWL,416
junior,NAWL,840
consent,NAWL,393
vocabulary,NAWL,127
punishment,NAWL,529
interval,NAWL,24
replacement,NAWL,432
scenario,NAWL,252
outlet,NAWL,780
architect,NAWL,563
controversy,NAWL,454
feedback,NAWL,180
render,NAWL,309
puzzle,NAWL,615
classify,NAWL,172
correctly,NAWL,423
accent,NAWL,486
economist,NAWL,567
scatter,NAWL,384
transformation,NAWL,37
clever,NAWL,893
organ,NAWL,210
physically,NAWL,574
treaty,NAWL,666
diverse,NAWL,219
alliance,NAWL,520
campus,NAWL,892
clue,NAWL,699
evident,NAWL,154
virtue,NAWL,299
commonly,NAWL,135
observer,NAWL,332
destination,NAWL,799
apple,NAWL,785
entity,NAWL,213
facilitate,NAWL,130
agriculture,NAWL,356
beam,NAWL,95
ton,NAWL,682
cattle,NAWL,381
cheer,NAWL,937
induce,NAWL,22
indicator,NAWL,177
necessity,NAWL,424
calculation,NAWL,84
drain,NAWL,776
audit,NAWL,772
consensus,NAWL,368
productive,NAWL,414
assignment,NAWL,377
gross,NAWL,626
ex,NAWL,164
painful,NAWL,801
reinforce,NAWL,342
identification,NAWL,57
backward,NAWL,570
identical,NAWL,91
clinic,NAWL,558
sin,NAWL,120
valid,NAWL,197
bonus,NAWL,911
collective,NAWL,181
hip,NAWL,731
proposition,NAWL,89
parameter,NAWL,4
terminal,NAWL,348
interrupt,NAWL,737
fiber,NAWL,215
precede,NAWL,85
drift,NAWL,524
expertise,NAWL,580
prediction,NAWL,99
communist,NAWL,628
elite,NAWL,117
confine,NAWL,400
stimulus,NAWL,27
thereby,NAWL,191
physician,NAWL,173
elaborate,NAWL,407
composer,NAWL,273
bat,NAWL,669
manual,NAWL,457
particle,NAWL,65
initiate,NAWL,247
politically,NAWL,576
sperm,NAWL,166
logical,NAWL,262
dictionary,NAWL,470
clip,NAWL,854
invasion,NAWL,577
fluid,NAWL,33
discrimination,NAWL,396
coordinate,NAWL,83
sensible,NAWL,797
fabric,NAWL,749
flexibility,NAWL,590
spectrum,NAWL,76
lung,NAWL,413
lab,NAWL,803
grasp,NAWL,541
rhythm,NAWL,468
ritual,NAWL,329
namely,NAWL,108
realistic,NAWL,592
traditionally,NAWL,546
intensity,NAWL,54
enforcement,NAWL,696
pronounce,NAWL,480
wisdom,NAWL,707
inevitably,NAWL,578
simultaneously,NAWL,237
interact,NAWL,157
blank,NAWL,795
tense,NAWL,338
strictly,NAWL,317
assert,NAWL,292
objection,NAWL,482
span,NAWL,279
execution,NAWL,467
continent,NAWL,629
civilization,NAWL,498
undermine,NAWL,473
airplane,NAWL,899
comply,NAWL,772
kilometer,NAWL,842
neat,NAWL,903
fraction,NAWL,183
effectiveness,NAWL,260
ethics,NAWL,390
insert,NAWL,409
tempt,NAWL,779
availability,NAWL,325
faculty,NAWL,639
depict,NAWL,326
clarify,NAWL,492
diagnosis,NAWL,56
colony,NAWL,283
deadline,NAWL,928
motive,NAWL,556
mineral,NAWL,401
readily,NAWL,332
correspondence,NAWL,100
tribe,NAWL,726
statistical,NAWL,51
disability,NAWL,380
separation,NAWL,194
punch,NAWL,921
infect,NAWL,104
minimize,NAWL,323
informal,NAWL,349
plug,NAWL,848
punish,NAWL,765
artificial,NAWL,371
strand,NAWL,476
adolescent,NAWL,126
scholarship,NAWL,513
discourse,NAWL,25
purely,NAWL,382
partial,NAWL,60
legitimate,NAWL,502
bound,NAWL,35
norm,NAWL,97
duration,NAWL,66
constitution,NAWL,471
homework,NAWL,933
horizon,NAWL,594
allocate,NAWL,559
rational,NAWL,115
nest,NAWL,525
resemble,NAWL,421
deliberately,NAWL,710
unemployed,NAWL,762
psychology,NAWL,217
corruption,NAWL,619
probe,NAWL,225
harvest,NAWL,372
outer,NAWL,223
recipe,NAWL,898
oxygen,NAWL,280
cognitive,NAWL,17
subtle,NAWL,557
merge,NAWL,553
slot,NAWL,775
legend,NAWL,774
interface,NAWL,198
comparable,NAWL,229
hedge,NAWL,845
ridiculous,NAWL,932
linguistic,NAWL,20
naked,NAWL,849
preliminary,NAWL,303
similarity,NAWL,71
bulk,NAWL,542
mall,NAWL,959
rub,NAWL,914
poster,NAWL,868
myth,NAWL,475
ghost,NAWL,833
pole,NAWL,614
separately,NAWL,397
discharge,NAWL,350
rope,NAWL,891
swell,NAWL,789
importantly,NAWL,522
processor,NAWL,770
robot,NAWL,50
correlation,NAWL,19
manuscript,NAWL,134
transmit,NAWL,418
molecule,NAWL,47
bacteria,NAWL,706
sufficiently,NAWL,196
stack,NAWL,523
nasty,NAWL,948
explicit,NAWL,73
revolutionary,NAWL,552
projection,NAWL,144
essence,NAWL,511
sensitivity,NAWL,70
spray,NAWL,846
usage,NAWL,264
bang,NAWL,929
bullet,NAWL,920
progressive,NAWL,354
breakdown,NAWL,565
consciousness,NAWL,236
influential,NAWL,509
insect,NAWL,261
underneath,NAWL,908
interfere,NAWL,623
surplus,NAWL,712
bundle,NAWL,587
accuracy,NAWL,137
whoever,NAWL,918
accelerate,NAWL,504
oral,NAWL,175
diagram,NAWL,188
defect,NAWL,193
bubble,NAWL,683
portray,NAWL,642
thread,NAWL,721
machinery,NAWL,691
barrel,NAWL,872
array,NAWL,231
stance,NAWL,605
radiation,NAWL,199
competence,NAWL,294
reliability,NAWL,404
solar,NAWL,680
conservation,NAWL,297
sometime,NAWL,895
injection,NAWL,259
freely,NAWL,597
specification,NAWL,171
wheat,NAWL,455
vertical,NAWL,200
incredibly,NAWL,949
flesh,NAWL,832
donor,NAWL,443
intervene,NAWL,601
tropical,NAWL,189
sketch,NAWL,461
profound,NAWL,607
transmission,NAWL,110
meaningful,NAWL,483
incline,NAWL,694
artistic,NAWL,638
crystal,NAWL,521
commodity,NAWL,599
prejudice,NAWL,733
questionnaire,NAWL,335
actively,NAWL,582
terribly,NAWL,942
gut,NAWL,788
consultation,NAWL,595
auction,NAWL,871
republic,NAWL,769
mortality,NAWL,62
overhead,NAWL,768
formally,NAWL,506
verbal,NAWL,206
ideology,NAWL,165
practitioner,NAWL,358
minimal,NAWL,141
goodness,NAWL,771
loop,NAWL,285
allocation,NAWL,412
mechanical,NAWL,379
straightforward,NAWL,395
chemistry,NAWL,643
obscure,NAWL,621
powder,NAWL,852
alien,NAWL,716
neutral,NAWL,266
historically,NAWL,585
compensate,NAWL,602
accumulate,NAWL,429
marker,NAWL,48
utilize,NAWL,312
surgeon,NAWL,835
pulse,NAWL,96
embed,NAWL,200
bleed,NAWL,767
ruler,NAWL,596
leaf,NAWL,205
partially,NAWL,302
aggregate,NAWL,207
thesis,NAWL,119
monkey,NAWL,375
activate,NAWL,125
conceive,NAWL,419
intensive,NAWL,548
overlap,NAWL,151
manipulate,NAWL,519
skip,NAWL,867
orientation,NAWL,88
equality,NAWL,208
developmental,NAWL,34
articulate,NAWL,442
ethical,NAWL,270
weave,NAWL,798
locally,NAWL,339
presume,NAWL,634
parental,NAWL,328
peasant,NAWL,459
chronic,NAWL,159
flip,NAWL,863
sensation,NAWL,688
organism,NAWL,149
acute,NAWL,202
unity,NAWL,318
tumor,NAWL,214
trait,NAWL,98
compact,NAWL,186
commentary,NAWL,365
configuration,NAWL,106
modification,NAWL,245
instinct,NAWL,836
container,NAWL,750
likelihood,NAWL,228
conception,NAWL,163
biology,NAWL,251
metaphor,NAWL,425
audio,NAWL,807
closure,NAWL,322
dilemma,NAWL,554
colonial,NAWL,75
diagnose,NAWL,485
invade,NAWL,783
accurately,NAWL,508
stereotype,NAWL,636
specialty,NAWL,887
positively,NAWL,499
threshold,NAWL,122
systematic,NAWL,142
inject,NAWL,566
likewise,NAWL,440
liver,NAWL,427
hormone,NAWL,388
thumb,NAWL,860
quotation,NAWL,583
independently,NAWL,310
cheat,NAWL,912
super,NAWL,816
individually,NAWL,661
reproduce,NAWL,364
immune,NAWL,284
sphere,NAWL,168
clay,NAWL,722
dictate,NAWL,692
nucleus,NAWL,78
noisy,NAWL,881
slavery,NAWL,637
justification,NAWL,462
symbolic,NAWL,311
broadly,NAWL,550
adjacent,NAWL,331
specimen,NAWL,291
behavioral,NAWL,67
ancestor,NAWL,609
hierarchy,NAWL,239
electron,NAWL,29
rhetoric,NAWL,530
mathematical,NAWL,227
snake,NAWL,831
classification,NAWL,121
arrow,NAWL,363
comparative,NAWL,124
matrix,NAWL,15
empirical,NAWL,49
socially,NAWL,507
calcium,NAWL,315
migration,NAWL,226
vein,NAWL,453
correction,NAWL,386
vitamin,NAWL,693
adaptation,NAWL,138
tutor,NAWL,815
grid,NAWL,493
magnetic,NAWL,105
monetary,NAWL,438
complement,NAWL,204
crude,NAWL,708
fever,NAWL,671
explicitly,NAWL,153
vague,NAWL,756
credibility,NAWL,814
non,NAWL,235
differentiate,NAWL,299
rack,NAWL,955
psychologist,NAWL,662
noble,NAWL,702
conceptual,NAWL,155
lump,NAWL,875
limb,NAWL,632
autonomy,NAWL,248
membrane,NAWL,41
realm,NAWL,487
definite,NAWL,465
elementary,NAWL,588
overview,NAWL,289
dense,NAWL,345
dissolve,NAWL,656
magnitude,NAWL,230
adverse,NAWL,450
sustainable,NAWL,689
diameter,NAWL,146
rejection,NAWL,430
circulate,NAWL,620
shallow,NAWL,677
semantic,NAWL,12
indirect,NAWL,314
emergence,NAWL,150
circulation,NAWL,422
maximize,NAWL,431
layout,NAWL,748
competent,NAWL,746
damp,NAWL,727
occurrence,NAWL,112
marble,NAWL,821
momentum,NAWL,568
simplify,NAWL,369
syndrome,NAWL,123
complication,NAWL,434
supposedly,NAWL,787
molecular,NAWL,36
marginal,NAWL,267
philosophical,NAWL,304
goat,NAWL,743
forum,NAWL,766
capitalism,NAWL,579
tolerance,NAWL,441
habitat,NAWL,376
elevate,NAWL,447
viable,NAWL,631
maternal,NAWL,113
linear,NAWL,16
halfway,NAWL,927
bizarre,NAWL,886
atom,NAWL,244
impulse,NAWL,516
pardon,NAWL,924
inclusion,NAWL,232
toxic,NAWL,763
methodology,NAWL,212
validity,NAWL,241
illusion,NAWL,668
globalization,NAWL,715
pathway,NAWL,82
unify,NAWL,477
swap,NAWL,897
gravity,NAWL,613
incidence,NAWL,131
dependence,NAWL,148
cue,NAWL,327
athletic,NAWL,940
continuity,NAWL,221
economically,NAWL,728
mechanic,NAWL,654
horizontal,NAWL,143
ray,NAWL,538
sword,NAWL,869
aesthetic,NAWL,355
disturbance,NAWL,238
irrelevant,NAWL,653
contradiction,NAWL,383
orient,NAWL,406
monopoly,NAWL,718
protocol,NAWL,353
primitive,NAWL,389
minus,NAWL,805
philosopher,NAWL,479
inhibit,NAWL,249
hydrogen,NAWL,560
multiply,NAWL,571
dioxide,NAWL,742
parcel,NAWL,865
offspring,NAWL,420
technically,NAWL,823
prey,NAWL,697
valve,NAWL,435
shuttle,NAWL,938
simulation,NAWL,43
whereby,NAWL,608
standardize,NAWL,497
integral,NAWL,160
decay,NAWL,415
nicely,NAWL,874
inequality,NAWL,90
predominantly,NAWL,515
artifact,NAWL,531
selective,NAWL,324
bucket,NAWL,896
stripe,NAWL,839
utterance,NAWL,128
problematic,NAWL,385
liable,NAWL,820
cord,NAWL,591
denote,NAWL,10
morality,NAWL,572
static,NAWL,392
axis,NAWL,114
dialect,NAWL,282
fringe,NAWL,825
textbook,NAWL,586
unintelligible,NAWL,943
antibody,NAWL,63
bracket,NAWL,684
spontaneous,NAWL,403
fundamentally,NAWL,678
fusion,NAWL,296
correlate,NAWL,61
onset,NAWL,79
sniff,NAWL,961
retrieve,NAWL,633
sexuality,NAWL,643
sub,NAWL,794
aluminum,NAWL,818
critique,NAWL,320
epidemic,NAWL,651
syllable,NAWL,102
trauma,NAWL,624
comprehension,NAWL,277
chromosome,NAWL,103
transplant,NAWL,648
paradigm,NAWL,216
interestingly,NAWL,491
stabilize,NAWL,606
bilingual,NAWL,69
intermediate,NAWL,109
enzyme,NAWL,161
node,NAWL,58
nonetheless,NAWL,658
constrain,NAWL,298
analogy,NAWL,449
capitalist,NAWL,589
tech,NAWL,954
equilibrium,NAWL,53
fossil,NAWL,526
implicit,NAWL,278
undergraduate,NAWL,739
quantitative,NAWL,167
variant,NAWL,178
planner,NAWL,786
subjective,NAWL,428
indigenous,NAWL,308
pragmatic,NAWL,361
vowel,NAWL,52
basin,NAWL,489
composite,NAWL,584
differential,NAWL,93
kidney,NAWL,673
rotate,NAWL,598
generalize,NAWL,94
mentor,NAWL,873
rewrite,NAWL,456
antibiotic,NAWL,641
peripheral,NAWL,401
coherent,NAWL,496
reservoir,NAWL,752
rotation,NAWL,240
psychiatric,NAWL,318
chess,NAWL,941
mobility,NAWL,445
reproduction,NAWL,410
gauge,NAWL,792
multinational,NAWL,884
velocity,NAWL,23
optimal,NAWL,72
physics,NAWL,630
coordination,NAWL,534
chunk,NAWL,813
directive,NAWL,714
tricky,NAWL,936
manipulation,NAWL,446
dominance,NAWL,411
derivative,NAWL,287
predator,NAWL,674
replicate,NAWL,378
fertility,NAWL,330
nutrient,NAWL,341
evolutionary,NAWL,179
enormously,NAWL,889
grammatical,NAWL,136
footnote,NAWL,753
fatigue,NAWL,657
receptor,NAWL,30
incumbent,NAWL,811
diagnostic,NAWL,220
instability,NAWL,169
dye,NAWL,723
infinite,NAWL,218
synthesis,NAWL,144
reactor,NAWL,909
mediate,NAWL,170
radar,NAWL,915
detection,NAWL,156
degrade,NAWL,747
plantation,NAWL,732
trivial,NAWL,604
partition,NAWL,246
arbitrary,NAWL,182
algorithm,NAWL,32
approximate,NAWL,272
inferior,NAWL,581
plausible,NAWL,451
lexical,NAWL,44
optical,NAWL,627
triangle,NAWL,545
quiz,NAWL,876
corpus,NAWL,209
migrate,NAWL,675
polar,NAWL,569
spatial,NAWL,38
tract,NAWL,426
reconstruct,NAWL,549
industrialize,NAWL,837
singular,NAWL,274
simulate,NAWL,343
slash,NAWL,931
contradict,NAWL,622
cylinder,NAWL,512
mutation,NAWL,74
deficiency,NAWL,501
ion,NAWL,14
atomic,NAWL,603
unstable,NAWL,367
ecological,NAWL,352
rainfall,NAWL,575
fracture,NAWL,647
convergence,NAWL,195
sodium,NAWL,514
niche,NAWL,755
media,NAWL,778
neuron,NAWL,42
variance,NAWL,46
progression,NAWL,510
surgical,NAWL,533
formulation,NAWL,281
trajectory,NAWL,133
nationalism,NAWL,448
residue,NAWL,366
calculator,NAWL,958
photographic,NAWL,870
dilute,NAWL,725
residual,NAWL,295
vegetation,NAWL,544
synthetic,NAWL,679
vector,NAWL,28
onwards,NAWL,734
affirm,NAWL,757
resistant,NAWL,527
cone,NAWL,147
finite,NAWL,26
lecturer,NAWL,866
altitude,NAWL,791
differentiation,NAWL,321
periodic,NAWL,241
susceptible,NAWL,562
socialize,NAWL,888
transparency,NAWL,793
applause,NAWL,956
emit,NAWL,744
realism,NAWL,709
lever,NAWL,905
numerical,NAWL,107
theorist,NAWL,518
emperor,NAWL,790
whichever,NAWL,919
deviation,NAWL,186
accumulation,NAWL,391
liter,NAWL,878
nominal,NAWL,408
qualitative,NAWL,337
deceive,NAWL,901
prevalence,NAWL,92
critically,NAWL,729
statistically,NAWL,343
nitrogen,NAWL,451
sponsorship,NAWL,946
messenger,NAWL,826
elimination,NAWL,617
characterization,NAWL,269
pre,NAWL,305
interviewer,NAWL,784
paradox,NAWL,672
elevation,NAWL,600
erase,NAWL,851
contour,NAWL,466
randomly,NAWL,478
substitution,NAWL,152
converge,NAWL,275
archaeology,NAWL,243
coefficient,NAWL,39
induction,NAWL,132
conserve,NAWL,539
thermal,NAWL,439
regression,NAWL,55
quantum,NAWL,536
variability,NAWL,222
plural,NAWL,435
rehabilitation,NAWL,667
thickness,NAWL,417
clone,NAWL,405
slab,NAWL,843
encode,NAWL,128
pest,NAWL,646
fungus,NAWL,751
respiratory,NAWL,616
urine,NAWL,758
terminology,NAWL,543
infectious,NAWL,660
contradictory,NAWL,687
inference,NAWL,234
generalization,NAWL,336
pesticide,NAWL,822
computation,NAWL,174
absorption,NAWL,437
transcription,NAWL,339
estimation,NAWL,184
conditional,NAWL,253
biologist,NAWL,827
appendix,NAWL,288
discrete,NAWL,255
temporal,NAWL,64
indifference,NAWL,850
genetically,NAWL,705
domination,NAWL,738
scroll,NAWL,945
demonstrator,NAWL,957
subset,NAWL,86
syntax,NAWL,192
inhibition,NAWL,332
bodily,NAWL,754
consonant,NAWL,250
physiological,NAWL,313
sediment,NAWL,537
fin,NAWL,817
motif,NAWL,555
linguistics,NAWL,387
radius,NAWL,370
algebra,NAWL,286
fetal,NAWL,276
syntactic,NAWL,87
gradient,NAWL,211
approximation,NAWL,118
acceleration,NAWL,472
hawk,NAWL,952
bacterial,NAWL,500
chemotherapy,NAWL,711
lateral,NAWL,258
adaptive,NAWL,351
communicative,NAWL,573
friction,NAWL,700
binary,NAWL,464
gram,NAWL,819
delta,NAWL,829
notation,NAWL,224
dissertation,NAWL,561
genetics,NAWL,610
wavelength,NAWL,484
diffusion,NAWL,290
cortex,NAWL,140
facet,NAWL,809
semester,NAWL,907
invert,NAWL,720
anthropology,NAWL,639
ecology,NAWL,346
precipitate,NAWL,800
theorem,NAWL,31
mole,NAWL,894
neural,NAWL,158
phonological,NAWL,76
irrigation,NAWL,664
pi,NAWL,374
amino,NAWL,301
turbulent,NAWL,535
solvent,NAWL,841
yeast,NAWL,764
innate,NAWL,741
metabolism,NAWL,551
mercury,NAWL,880
artwork,NAWL,923
longitudinal,NAWL,264
hepatitis,NAWL,681
transcribe,NAWL,724
calculus,NAWL,263
coronary,NAWL,564
confound,NAWL,745
optimum,NAWL,670
portrayal,NAWL,858
memorize,NAWL,916
initiation,NAWL,592
novice,NAWL,889
sensory,NAWL,399
phenomenal,NAWL,883
substrate,NAWL,394
reactive,NAWL,704
censor,NAWL,857
antiquity,NAWL,761
industrialization,NAWL,802
rationality,NAWL,635
uplift,NAWL,862
displacement,NAWL,495
subtract,NAWL,808
phosphate,NAWL,612
elastic,NAWL,690
anti,NAWL,735
locus,NAWL,116
morphology,NAWL,190
postgraduate,NAWL,922
entrant,NAWL,951
marrow,NAWL,834
abdominal,NAWL,777
flux,NAWL,444
potassium,NAWL,703
primer,NAWL,540
precipitation,NAWL,781
connotation,NAWL,828
amplitude,NAWL,138
proton,NAWL,611
replication,NAWL,488
sneeze,NAWL,960
infinity,NAWL,676
inversion,NAWL,652
scripture,NAWL,917
denominator,NAWL,838
secrete,NAWL,730
chloride,NAWL,796
semi,NAWL,930
connector,NAWL,947
millimeter,NAWL,925
elasticity,NAWL,685
exponential,NAWL,505
morphological,NAWL,257
null,NAWL,347
micro,NAWL,853
soluble,NAWL,740
syllabus,NAWL,902
handout,NAWL,953
watershed,NAWL,877
trans,NAWL,663
axiom,NAWL,645
randomize,NAWL,398
equivalence,NAWL,360
comma,NAWL,885
dimensional,NAWL,527
oscillation,NAWL,516
parenthesis,NAWL,701
circa,NAWL,944
biodiversity,NAWL,812
nonlinear,NAWL,185
capillary,NAWL,713
acidic,NAWL,861
epidemiology,NAWL,655
aerosol,NAWL,939
cyclic,NAWL,697
multi,NAWL,933
dissection,NAWL,856
herbicide,NAWL,910
helix,NAWL,736
splice,NAWL,810
oxidize,NAWL,879
volition,NAWL,935
descriptor,NAWL,906
deflection,NAWL,900
solute,NAWL,855
conduction,NAWL,806
congruent,NAWL,864
descendent,NAWL,963
neo,NAWL,950
goods,NAWL,649
factorial,NAWL,904
